{"Color":{"R":0.6785995960235596,"G":0.988950252532959,"B":0.6119471192359924,"A":0.0}}