{"LastSavedScene":{"Name":"GameScene"},"Color1":{"R":1.0,"G":0.0,"B":0.0,"A":0.0},"Color2":{"R":0.2099447250366211,"G":1.0,"B":0.0,"A":0.0},"ColorBlend":{"R":0.7827348113059998,"G":0.2750000059604645,"B":0.0,"A":0.0},"Blend":{"Value":0.2750000059604645}}